title,company,region,job_type,category,skills,description,published_date,url,scraped_at
Senior Web Developer,1Password,Anywhere in the World,Full-Time,Back-End Programming,"Analytics, CMS Development, Cross-Browser Development, AI Content Creation, Content Writing, Accounting, Content Creation, Content Strategy, Analytics Tools, and Content Planning","Headquarters: Remote (United States | Canada) URL: http://1password.com 1Password is growing. We’ve surpassed $400M in ARR and we’re continuing to accelerate, earning a spot on the Forbes Cloud 100 for four years in a row and teaming up with iconic partners like Oracle Red Bull Racing. About 1Password At 1Password, we’re building the foundation for a safe, productive digital future. Our mission is to unleash employee productivity without compromising security by ensuring every identity is authen","Thu, 18 Jun 2026 02:19:12 +0000",https://weworkremotely.com/remote-jobs/1password-senior-web-developer,2026-06-18T15:53:55.851893
Senior Fullstack Developer (Python),Proxify AB,Anywhere in the World,Full-Time,Full-Stack Programming,"Django, Flask, JavaScript, Python, and Full Stack Dev","Headquarters: Sweden URL: http://career.proxify.io The Role: We are looking for a Senior Fullstack Python Developer to join our fast-growing Network. In this role, you’ll lead the design and implementation of scalable backend services and APIs using Python (FastAPI, Django, or Flask), while delivering polished, performant user interfaces using modern frontend frameworks such as React.js or Vue.js. What we are looking for: 5+ years of professional software development experience with strong fulls","Wed, 17 Jun 2026 17:33:39 +0000",https://weworkremotely.com/remote-jobs/proxify-ab-senior-fullstack-developer-python-3,2026-06-18T15:53:55.865023
Java/DevOps Senior  Pipelines CI/CD y Docker,Knowmad Mood,Anywhere in the World,Full-Time,Full-Stack Programming,,"Headquarters: Plaza de la Independencia Madrid, España, 28001 Spain We are knowmad mood! Somos una compañía líder en transformación digital, en constante evolución y a la vanguardia de la tecnología. Nacimos para provocar un cambio real a través de la innovación y el desarrollo sostenible, con la misión de aportar valor a los clientes e impulsar nuestro talento. Formado por más de 3.000 personas creativas, digitales e innovadoras conectadas a un propósito y capaces de generar conexiones con pers","Tue, 16 Jun 2026 20:31:47 +0000",https://weworkremotely.com/remote-jobs/knowmad-mood-java-devops-senior-pipelines-ci-cd-y-docker,2026-06-18T15:53:55.866022
"Sr Data Scientist, Growth Product",Wealthsimple,Anywhere in the World,Full-Time,Management and Finance,,"Headquarters: Remote / Canada Build something people love Wealthsimple is on a mission to help everyone achieve financial freedom by reimagining what it means to manage your money. Using smart technology, we take financial services that are often confusing and expensive and make them transparent and low-cost for everyone. We’re the largest fintech company in Canada, with 3+ million users who trust us with more than $100 billion in assets. And we’re just getting started. We’re looking for someone","Tue, 16 Jun 2026 20:31:33 +0000",https://weworkremotely.com/remote-jobs/wealthsimple-sr-data-scientist-growth-product,2026-06-18T15:53:55.870359
Graphic & Web Designer,Bnk To The Future,Remote,Full-Time,Front-End Programming,"Adobe Creative Suite, Analytics, Architect, Architecture, Bug Tracking, Blog Writing, Analytics Tools,  Editing, Audio Editing, and Brand Identity Design","Headquarters: Your Laptop!, Remote, Philippines URL: http://bnktothefuture.com Graphic & Web Design Job Summary. We are seeking a highly creative & dynamic professional full time Graphic & Web Designer to join BnkToTheFuture.com (the largest global Online Investment Platform) family and its team. For the right person, the reward is competitive pay, a long term career with great prospects as the company continues to grow. We’re looking for someone who can take direction from written or spoken ide","Mon, 15 Jun 2026 20:07:47 +0000",https://weworkremotely.com/remote-jobs/bnk-to-the-future-graphic-web-designer,2026-06-18T15:53:55.888601
Data Analyst/ Curam,AHU Technologies,Anywhere in the World,Full-Time,Front-End Programming,"Analytics, Data Visualization, Google Analytics, Monitoring and Analytics, Predictive Analytics, Analytics Tools, ETL Processes,  Data Visualization, and Sales Analytics","Headquarters: Fully Remote - US URL: http://ahutech.com Job Description: Short Description: The Client is looking for Data analyst with 11 years of experience managing data pertaining to the different medical, nutrition, and financial subsidies managed by the Client system. Complete Description: The Data Analyst will play a critical role to support the work of the Client Program Administration, Executive Steering Committee and Client Stakeholders. Under the aegis of the Client Chief Data Officer","Mon, 15 Jun 2026 20:07:47 +0000",https://weworkremotely.com/remote-jobs/ahu-technologies-data-analyst-curam,2026-06-18T15:53:55.888601
UI/UX Website Designer (copy),Drivetrain,Anywhere in the World,Full-Time,Front-End Programming,"Adobe Creative Suite, Analytics, Community Growth, Architect, Architecture, Blog Writing, Analytics Tools,  Editing, Audio Editing, and Brand Identity Design","Headquarters: India URL: http://drivetrain.ai Drivetrain is on a mission to empower businesses to make better decisions. Our financial planning & decision-making platform helps companies scale and achieve their targets predictably. Drivetrain is a remote-first company headquartered in the San Francisco Bay Area. Founded in 2021 by a couple of ex-Googlers, Drivetrain is a fast-growing company on a trajectory for success with backing from leading venture capital firms. Drivetrain provides a great ","Mon, 15 Jun 2026 20:07:47 +0000",https://weworkremotely.com/remote-jobs/drivetrain-ui-ux-website-designer-copy,2026-06-18T15:53:55.888601
CRM Technical Specialist,Welltech,Anywhere in the World,Full-Time,Customer Support,"Analytics, CRM, Email Marketing and Automation, Google Analytics, Monitoring and Analytics, MySQL, NoSQL, CRM Systems, Analytics Tools, and CRM Integration","Headquarters: Ukraine URL: http://welltech.com Who Are We? Welltech is a global wellness technology company with Ukrainian roots. Our mission is to build and scale wellness apps globally through state-of-the-art, tech-driven performance marketing. We are one of the most established players in the wellness app space, and we are accelerating. Over 25.5 million people across the world use our apps — Muscle Booster, Yoga-Go, and WalkFit — to build healthier habits, move more, and feel better every d","Mon, 15 Jun 2026 16:02:44 +0000",https://weworkremotely.com/remote-jobs/welltech-crm-technical-specialist,2026-06-18T15:53:55.909108
Sr. CRM Account Executive - Manufacturing,ServiceNow,Illinois,Full-Time,Customer Support,"Adobe Creative Suite, Analytics, Community Growth, Architect, Architecture, Blog Writing, Analytics Tools,  Editing, Audio Editing, and Brand Identity Design","Headquarters: 176 North Racine Ave, Suite 500, Chicago, Illinois, United States URL: http://servicenow.com Company Description It all started in sunny San Diego, California in 2004 when a visionary engineer, Fred Luddy, saw the potential to transform how we work. Fast forward to today — ServiceNow stands as a global market leader, bringing innovative AI-enhanced technology to over 8,100 customers, including 85% of the Fortune 500®. Our intelligent cloud-based platform seamlessly connects people,","Mon, 15 Jun 2026 16:02:44 +0000",https://weworkremotely.com/remote-jobs/servicenow-sr-crm-account-executive-manufacturing,2026-06-18T15:53:55.910098
Senior Full Stack Engineer,Aguru UK Ltd,Anywhere in the World,Contract,Full-Stack Programming,"Debugging, PostgreSQL, React, Testing/Debugging, Artificial Intelligence (AI), AI HW/SW, and AI Agents","Headquarters: United Kingdom URL: https://www.aguru.ai/ Senior Full Stack Engineer Location: Remote, EU/UK preferred Team: Engineering Type: Full-time contractor We are looking for a Senior Full Stack Engineer to join a small, high-impact engineering team. You will work across the product surface: React front end, NestJS backend, durable execution system, Postgres data layer and proprietary systems for evaluating and managing systems of LLMs. Some of this you may not have done before, but you wi","Fri, 12 Jun 2026 09:52:16 +0000",https://weworkremotely.com/remote-jobs/aguru-uk-ltd-senior-full-stack-engineer,2026-06-18T15:53:55.937835
Full Stack Web Developer ⏤ Remote Contractor,Abstract,Anywhere in the World,Full-Time,Back-End Programming,"Analytics, Cross-Browser Development, Database, Decision Frameworks, Google Analytics, Computer Vision, DevOps, Hardware/Software Support, Cross-Selling, and Analytics Tools","Headquarters: Stuttgart, DE URL: http://theabstract.co Who We Are Abstract is where excellence meshes with 3D technology and innovation. We engineer groundbreaking solutions that empower you to elevate your digital experiences to new heights without compromising the vision. From award-winning optimization technology , scalable material creation and authoring tools , to seamless scan processing and advanced rendering technologies — we’re at the forefront of reshaping how 3D content is imagined, c","Thu, 11 Jun 2026 21:45:41 +0000",https://weworkremotely.com/remote-jobs/abstract-full-stack-web-developer-remote-contractor,2026-06-18T15:53:55.941841
Product Marketing Manager (w/m/d) für SaaS und On-Premises Lösungen,Septeo CNEE,Baden-Württemberg,Full-Time,Product,"Analytics, Cross-Browser Development, Google Analytics, Infrastructure Orchestration, Cyber Security, Endpoint Security, Cross-Selling, Analytics Tools, Ecommerce Web Development, and Ecommerce Management","Headquarters: Karlsruhe, DE, Lauf a. d. Pegnitz, DE, Nordwalde, DE, Remote, Germany URL: http://stp.one Kurzbeschreibung Du bist ein Marketingtalent (w/m/d) mit Schwerpunkt im Bereich B2B Produktmarketing? Du möchtest dich beruflich neu orientieren und unser Unternehmen mit deiner Produktmarketing-Expertise in einem stark dynamischen und international wachsenden Umfeld begleiten und vorantreiben? Als Product Marketing Manager (m/w/d) spielst du eine zentrale Rolle in der Vermarktung unserer Lega","Thu, 11 Jun 2026 21:45:28 +0000",https://weworkremotely.com/remote-jobs/septeo-cnee-product-marketing-manager-w-m-d-fur-saas-und-on-premises-losungen,2026-06-18T15:53:55.953929
Client Sales Development Manager,Blackhawk Network,Anywhere in the World,Full-Time,Product,"Adobe Creative Suite, Analytics, Architect, Architecture, Blog Writing, Analytics Tools,  Email Campaigns,  Editing, Audio Editing, and Brand Identity Design","Headquarters: Remote, United States URL: http://blackhawknetwork.com About Blackhawk Network: Today, through BHN’s single global platform, businesses of all kinds can tap into the world’s largest network of branded payment solutions. BHN helps businesses grow revenue, increase loyalty, motivate and reward their teams, disburse funds and engage consumers. Branded payment solutions include the issuance and distribution of gift cards, egifts, corporate payouts and rewards, along with the technology","Thu, 11 Jun 2026 21:45:28 +0000",https://weworkremotely.com/remote-jobs/blackhawk-network-client-sales-development-manager,2026-06-18T15:53:55.970000
CRM Specialist,Air Apps,Rome Metropolitain Area,Full-Time,Customer Support,"Analytics, Compliance, CRM, Cross-Browser Development, Digital Marketing, CRM Systems, Cross-Selling, Analytics Tools, CRM Integration, and Display Advertising","Headquarters: Rome Metropolitain URL: http://airapps.com About Air Apps At Air Apps, we believe in thinking bigger—and moving faster. We’re a family-founded company on a mission to create the world’s first AI-powered Personal & Entrepreneurial Resource Planner (PRP), and we need your passion and ambition to help us change how people plan, work, and live. Born in Lisbon, Portugal in 2018—and now with offices in both Lisbon and San Francisco—we’ve remained self-funded while reaching over 100 milli","Thu, 11 Jun 2026 18:32:59 +0000",https://weworkremotely.com/remote-jobs/air-apps-crm-specialist,2026-06-18T15:53:55.970000
Consultores SAP Billing/FICA/WM/CRM (Utilities/CCS/ISU),Accenture,Anywhere in the World,Full-Time,Customer Support,"Adobe Creative Suite, Analytics, Accounting, Architect, Architecture, Blog Writing, Analytics Tools,  Editing, Audio Editing, and Brand Identity Design","Headquarters: Campina Grande, Unifacisa Building 7 URL: http://accenture.com Um time que faz parte da mudança Abraçamos o poder da mudança para criar valor e sucesso compartilhado para nossos clientes, funcionários, acionistas, parceiros e comunidades. Contamos com a maior rede mundial de centros de tecnologia avançada e operações inteligentes. Provocamos a mudança no mercado Trabalhamos juntos mundo afora para fazer um mundo de diferenças. A Accenture é uma empresa global de serviços profission","Thu, 11 Jun 2026 18:32:59 +0000",https://weworkremotely.com/remote-jobs/accenture-consultores-sap-billing-fica-wm-crm-utilities-ccs-isu,2026-06-18T15:53:55.987246
DevOps Engineer,Career Team Enterprises,Anywhere in the World,Full-Time,DevOps and Sysadmin,"Analytics, Cross-Browser Development, Database, Decision Frameworks, Google Analytics, Computer Vision, DevOps, Cross-Selling, Analytics Tools, and Construction & Engineering Project Management","Headquarters: Remote in the Philippines URL: http://careerteam.com It’s not just about the tech; it’s about the people! At Career TEAM, we work to “accelerate the human condition.” Working on our state-of-the-edge portal, Career EDGE , you will change lives—and that’s just the beginning! You'll be working with new technologies on enterprise products that serve a diverse population across the U.S. As a founding member of our newly forming team, you'll have the opportunity to grow and shape it as ","Wed, 10 Jun 2026 22:30:21 +0000",https://weworkremotely.com/remote-jobs/career-team-enterprises-devops-engineer,2026-06-18T15:53:55.996355
DevOps Virtual Development Engineer,HYUNDAI MOTORS,Anywhere in the World,Full-Time,DevOps and Sysadmin,"Adobe Photoshop, Analytics, Cross-Browser Development, Decision Frameworks, Computer Vision, Cross-Selling, Deal Closure, Analytics Tools, Composition, and Construction & Engineering Project Management","Headquarters: URL: http://hyundai.com DevOps Virtual Development Engineer Hyundai America Technical Center, Inc. (HATCI) is looking for an engineer to join the Production Application Team of the Infotainment Software Department, which undertakes various innovation projects related to infotainment and UI/UX systems software development efforts concerning the next generation of vehicle software architecture for Hyundai, Kia, and Genesis vehicles, as well as the production application of software f","Wed, 10 Jun 2026 22:30:21 +0000",https://weworkremotely.com/remote-jobs/hyundai-motors-devops-virtual-development-engineer,2026-06-18T15:53:56.000353
Desenvolvedor  C# .NET e PHP - Remota,Qintess,São Paulo,Full-Time,Design,"Cross-Browser Development, MySQL, PostgreSQL, SQL, NoSQL, PostgreeSQL, and Cross-Selling","Headquarters: São Paulo, São Paulo, Brazil URL: http://qintess.com Desenvolver e implementar soluções de automação de processos, utilizando diversas linguagens de programação e tecnologias, visando redução de erros e custos, aprimoramento de qualidade dos serviços e processos e ganho de produtividade. Requirements Experiência de trabalho em desenvolvimento C# .NET. Experiência em princípios e práticas desenvolvimento de software ágil, incluindo o Manifesto Ágil, Scrum, Extreme Programming (XP) e","Wed, 10 Jun 2026 15:58:40 +0000",https://weworkremotely.com/remote-jobs/qintess-desenvolvedor-csharp-net-e-php-remota,2026-06-18T15:53:56.011361
"Solutions Engineer / Network Automation Consultant (Python, Nautobot SaaS)",JMS Technical Solutions,Anywhere in the World,Full-Time,Product,"Adobe Photoshop, Analytics, Cross-Browser Development, Estimating and Cost Forecasting, Google Analytics, DevOps, Cross-Selling, Deal Closure, Analytics Tools, and Composition","Headquarters: Remote URL: http://jmstechsolutions.com 19th May, 2026 Our client is looking for a remote Solutions Engineer / Network Automation Consultant (Python, Nautobot SaaS) to join their team! This is a remote/full-time/contract position Salary based on experience: Up to $70/HR Overview Our client is seeking a client-facing Solutions Engineer to design, implement, and support a SaaS-based network automation platform centered around Nautobot. This role sits at the intersection of software e","Tue, 09 Jun 2026 22:15:58 +0000",https://weworkremotely.com/remote-jobs/jms-technical-solutions-solutions-engineer-network-automation-consultant-python-nautobot-saas-1,2026-06-18T15:53:56.015353
Support Operations Program Manager (SaaS) REMOTE,TCWGlobal,California,Full-Time,Product,"Analytics, CRM, Data Visualization, Google Analytics, Cryptocurrency, CRM Systems, Analytics Tools, CRM Integration,  Data Visualization, and Construction & Engineering Project Management","Headquarters: CA, USA URL: http://tcwglobal.com Support Operations Program Manager (SaaS) Remote Location: Remote Pay: $42/hr + Benefits (Medical, Dental, Vision) Duration: 12-month contract (potential for extension) Schedule: Full-time, Monday–Friday **Please note: This role requires 2–7 years of direct experience in Support Operations within a SaaS company; including ownership of support process improvements, cross-functional projects, and operational workflows. Must have experience as a Progr","Tue, 09 Jun 2026 22:15:58 +0000",https://weworkremotely.com/remote-jobs/tcwglobal-support-operations-program-manager-saas-remote,2026-06-18T15:53:56.020315
DevRel - Content Creator,SuperPlane,Anywhere in the World,Full-Time,Sales and Marketing,"Technical Writing, DevOps, Content Creation, CI/CD Pipelines, and AI Agents","Headquarters: USA URL: https://superplane.com SuperPlane is an open source control plane where AI agents and engineers run operations together. We're a team of 10, founded by the creators of Semaphore CI/CD. Our users are DevOps and platform engineers at mid-size to large engineering orgs. We have a product engineers love, an open source repo with 2K+ stars, and events in the pipeline. What we don't have is someone dedicated to showing the world what SuperPlane can do. We ship fast but our conte","Thu, 14 May 2026 15:28:14 +0000",https://weworkremotely.com/remote-jobs/superplane-devrel-content-creator,2026-06-18T15:53:56.028588
